,site,date,time,site_lat,site_lon,chime_diatoms_ug_per_l,chime_cyanobacteria_ug_per_l,chime_others_ug_per_l,lstm_lswt_c,s2_chl_ug_per_l,s2_tur_mg_per_l,s2_cdom_1_per_m,s3_chl_ug_per_l,s3_tur_mg_per_l,s3_cdom_1_per_m,diatoms_ug_per_l,cyanobacterial_ug_per_l,others_ug_per_l
1522,elbe-river_bunthaus_v0.3,2023-01-02,2023-01-02 12:00:00,53.461787,10.064451,0.39,0.7,3.96,6.875,5.05,13.546223388743073,0.6638255667361058,5.05,13.546223388743073,0.6638255667361058,0.39,0.7,3.96
1523,elbe-river_bunthaus_v0.3,2023-01-03,2023-01-03 12:00:00,53.461787,10.064451,1.73,0.86,4.079999999999999,6.701666666666667,6.67,21.510158452415663,0.5090561289042538,6.67,21.510158452415663,0.5090561289042538,1.73,0.86,4.079999999999999
1524,elbe-river_bunthaus_v0.3,2023-01-04,2023-01-04 12:00:00,53.461787,10.064451,1.57,1.06,3.98,6.400000000000001,6.61,25.54680664916885,0.4838670052943686,6.61,25.54680664916885,0.4838670052943686,1.57,1.06,3.98
1525,elbe-river_bunthaus_v0.3,2023-01-06,2023-01-06 12:00:00,53.461787,10.064451,2.65,1.53,2.54,6.8,6.72,38.429571303587046,0.4640193533777141,6.72,38.429571303587046,0.4640193533777141,2.65,1.53,2.54
1526,elbe-river_bunthaus_v0.3,2023-01-07,2023-01-07 12:00:00,53.461787,10.064451,0.46,0.77,4.5,6.859999999999999,5.73,27.28200641586468,0.5220141331670283,5.73,27.28200641586468,0.5220141331670283,0.46,0.77,4.5
1527,elbe-river_bunthaus_v0.3,2023-01-08,2023-01-08 12:00:00,53.461787,10.064451,0.19,0.45,2.94,6.931666666666666,3.58,27.568776125206565,0.5398064639753849,3.58,27.568776125206565,0.5398064639753849,0.19,0.45,2.94
1528,elbe-river_bunthaus_v0.3,2023-01-09,2023-01-09 12:00:00,53.461787,10.064451,0.62,0.55,3.5700000000000003,6.788333333333334,4.74,22.618353261397875,0.5714330813179445,4.74,22.618353261397875,0.5714330813179445,0.62,0.55,3.5700000000000003
1529,elbe-river_bunthaus_v0.3,2023-01-10,2023-01-10 12:00:00,53.461787,10.064451,0.0,0.4,2.41,6.64,2.81,20.49431321084864,0.5882297276436715,2.81,20.49431321084864,0.5882297276436715,0.0,0.4,2.41
1530,elbe-river_bunthaus_v0.3,2023-01-11,2023-01-11 12:00:00,53.461787,10.064451,0.0,0.64,3.4,6.599999999999999,4.04,19.398269660736847,0.5961853425970659,4.04,19.398269660736847,0.5961853425970659,0.0,0.64,3.4
1531,elbe-river_bunthaus_v0.3,2023-01-12,2023-01-12 12:00:00,53.461787,10.064451,0.1326188679245283,0.5837972508591064,1.9151379039824588,6.486666666666667,2.6315540227660934,18.552542043355693,0.6033072931580639,2.6315540227660934,18.552542043355693,0.6033072931580639,0.1326188679245283,0.5837972508591064,1.9151379039824588
1532,elbe-river_bunthaus_v0.3,2023-01-13,2023-01-13 12:00:00,53.461787,10.064451,0.14,0.89,3.2000000000000006,6.733333333333334,4.23,18.613298337707786,0.6094271094951906,4.23,18.613298337707786,0.6094271094951906,0.14,0.89,3.2000000000000006
1533,elbe-river_bunthaus_v0.3,2023-01-14,2023-01-14 12:00:00,53.461787,10.064451,0.0,1.1,3.5900000000000003,6.496666666666667,4.69,18.00573539418684,0.6140714707038758,4.69,18.00573539418684,0.6140714707038758,0.0,1.1,3.5900000000000003
1534,elbe-river_bunthaus_v0.3,2023-01-15,2023-01-15 12:00:00,53.461787,10.064451,0.16,0.8,2.83,6.331666666666667,3.79,16.822202780208034,0.6311337712945093,3.79,16.822202780208034,0.6311337712945093,0.16,0.8,2.83
1535,elbe-river_bunthaus_v0.3,2023-01-16,2023-01-16 12:00:00,53.461787,10.064451,1.41,1.16,1.9899999999999995,5.955000000000001,4.56,18.7007874015748,0.6241909551278947,4.56,18.7007874015748,0.6241909551278947,1.41,1.16,1.9899999999999995
1536,elbe-river_bunthaus_v0.3,2023-01-17,2023-01-17 12:00:00,53.461787,10.064451,0.0,0.41,3.29,6.044999999999999,3.7,17.62418586565568,0.6717255338046821,3.7,17.62418586565568,0.6717255338046821,0.0,0.41,3.29
1537,elbe-river_bunthaus_v0.3,2023-01-18,2023-01-18 12:00:00,53.461787,10.064451,0.0,0.33,2.13,5.255,2.46,12.848741129581024,0.6543829864342078,2.46,12.848741129581024,0.6543829864342078,0.0,0.33,2.13
1538,elbe-river_bunthaus_v0.3,2023-01-19,2023-01-19 12:00:00,53.461787,10.064451,0.0,0.59,1.75,4.5616666666666665,2.34,14.92903664819675,0.6442556883736376,2.34,14.92903664819675,0.6442556883736376,0.0,0.59,1.75
1539,elbe-river_bunthaus_v0.3,2023-01-20,2023-01-20 12:00:00,53.461787,10.064451,0.1,1.14,3.5700000000000003,3.926666666666667,4.81,20.54048799455624,0.5947467295381458,4.81,20.54048799455624,0.5947467295381458,0.1,1.14,3.5700000000000003
1540,elbe-river_bunthaus_v0.3,2023-01-21,2023-01-21 12:00:00,53.461787,10.064451,0.0,0.7,3.93,3.52,4.63,24.82259162049188,0.561662799321351,4.63,24.82259162049188,0.561662799321351,0.0,0.7,3.93
1541,elbe-river_bunthaus_v0.3,2023-01-22,2023-01-22 12:00:00,53.461787,10.064451,0.8926780303030302,1.3490863542587683,5.198954726429216,3.3866666666666667,7.440719110991014,36.13784388062602,0.4957410259049421,7.440719110991014,36.13784388062602,0.4957410259049421,0.8926780303030302,1.3490863542587683,5.198954726429216
1542,elbe-river_bunthaus_v0.3,2023-01-23,2023-01-23 12:00:00,53.461787,10.064451,1.3432496278983737,1.5291010018208089,1.6132885296301904,3.436666666666667,4.485639159349373,25.36453776611257,0.5442872110185618,4.485639159349373,25.36453776611257,0.5442872110185618,1.3432496278983737,1.5291010018208089,1.6132885296301904
1543,elbe-river_bunthaus_v0.3,2023-01-24,2023-01-24 12:00:00,53.461787,10.064451,0.0,0.14,3.3,3.303333333333333,3.44,24.239331194711774,0.5364174628504161,3.44,24.239331194711774,0.5364174628504161,0.0,0.14,3.3
1544,elbe-river_bunthaus_v0.3,2023-01-25,2023-01-25 12:00:00,53.461787,10.064451,0.0,0.8,1.96,3.0066666666666664,2.76,22.287839020122483,0.5621867681830023,2.76,22.287839020122483,0.5621867681830023,0.0,0.8,1.96
1545,elbe-river_bunthaus_v0.3,2023-01-26,2023-01-26 12:00:00,53.461787,10.064451,0.34,0.7,2.58,2.9766666666666666,3.62,20.32419558666277,0.5859068845038016,3.62,20.32419558666277,0.5859068845038016,0.34,0.7,2.58
1546,elbe-river_bunthaus_v0.3,2023-01-27,2023-01-27 12:00:00,53.461787,10.064451,0.6,0.66,1.36,3.155,2.62,16.96801788665305,0.6274988823980834,2.62,16.96801788665305,0.6274988823980834,0.6,0.66,1.36
1547,elbe-river_bunthaus_v0.3,2023-01-28,2023-01-28 12:00:00,53.461787,10.064451,1.29,0.76,1.0799999999999998,3.1566666666666667,3.13,17.789442986293377,0.6223150592609883,3.13,17.789442986293377,0.6223150592609883,1.29,0.76,1.0799999999999998
1548,elbe-river_bunthaus_v0.3,2023-01-29,2023-01-29 12:00:00,53.461787,10.064451,0.4647812488791649,0.7143101614316106,2.2710593385707654,3.181666666666666,3.4501507488815406,17.97657237289783,0.6090043836624831,3.4501507488815406,17.97657237289783,0.6090043836624831,0.4647812488791649,0.7143101614316106,2.2710593385707654
1549,elbe-river_bunthaus_v0.3,2023-01-30,2023-01-30 12:00:00,53.461787,10.064451,0.52,0.61,1.5500000000000005,3.248333333333333,2.68,14.136774569845434,0.5856268799886277,2.68,14.136774569845434,0.5856268799886277,0.52,0.61,1.5500000000000005
1550,elbe-river_bunthaus_v0.3,2023-01-31,2023-01-31 12:00:00,53.461787,10.064451,0.84,0.42,2.2,3.2550000000000003,3.46,15.648391173325557,0.5664443707292088,3.46,15.648391173325557,0.5664443707292088,0.84,0.42,2.2
1551,elbe-river_bunthaus_v0.3,2023-02-01,2023-02-01 12:00:00,53.461787,10.064451,1.12,0.82,1.5500000000000005,3.4033333333333338,3.49,21.20880723242928,0.547321995214602,3.49,21.20880723242928,0.547321995214602,1.12,0.82,1.5500000000000005
1552,elbe-river_bunthaus_v0.3,2023-02-02,2023-02-02 12:00:00,53.461787,10.064451,1.05,0.53,3.21,3.54,4.79,23.33284728297852,0.5090150174341281,4.79,23.33284728297852,0.5090150174341281,1.05,0.53,3.21
1553,elbe-river_bunthaus_v0.3,2023-02-03,2023-02-03 12:00:00,53.461787,10.064451,0.93,0.46,3.4599999999999995,3.936666666666667,4.85,20.499173714396807,0.5405839922813479,4.85,20.499173714396807,0.5405839922813479,0.93,0.46,3.4599999999999995
1554,elbe-river_bunthaus_v0.3,2023-02-04,2023-02-04 12:00:00,53.461787,10.064451,2.85,0.77,2.35,4.258333333333333,5.97,22.698551569942648,0.5638830546144268,5.97,22.698551569942648,0.5638830546144268,2.85,0.77,2.35
1555,elbe-river_bunthaus_v0.3,2023-02-05,2023-02-05 12:00:00,53.461787,10.064451,2.72,0.83,1.6199999999999997,3.905,5.17,23.8456304073102,0.5696872457185712,5.17,23.8456304073102,0.5696872457185712,2.72,0.83,1.6199999999999997
1556,elbe-river_bunthaus_v0.3,2023-02-06,2023-02-06 12:00:00,53.461787,10.064451,2.691468641640283,0.6803245909934222,2.4325414320293754,3.6966666666666654,5.804334664663081,19.98153008651696,0.5946336273179313,5.804334664663081,19.98153008651696,0.5946336273179313,2.691468641640283,0.6803245909934222,2.4325414320293754
1557,elbe-river_bunthaus_v0.3,2023-02-07,2023-02-07 12:00:00,53.461787,10.064451,3.75,0.7,2.05,3.3,6.5,18.238553514144066,0.6074515132869829,6.5,18.238553514144066,0.6074515132869829,3.75,0.7,2.05
1558,elbe-river_bunthaus_v0.3,2023-02-20,2023-02-20 12:00:00,53.461787,10.064451,3.750804005375685,0.6997779210535605,2.048119815302252,5.303333333333334,6.498701741731497,23.85535141440653,0.5911034145438131,6.498701741731497,23.85535141440653,0.5911034145438131,3.750804005375685,0.6997779210535605,2.048119815302252
1559,elbe-river_bunthaus_v0.3,2023-03-04,2023-03-04 12:00:00,53.461787,10.064451,5.53,0.0,3.4099999999999997,4.756666666666667,8.94,21.087294643725087,0.6193451555353469,8.94,21.087294643725087,0.6193451555353469,5.53,0.0,3.4099999999999997
1560,elbe-river_bunthaus_v0.3,2023-03-05,2023-03-05 12:00:00,53.461787,10.064451,6.12,0.0,2.89,4.4816666666666665,9.01,20.03985612909497,0.6189807016296643,9.01,20.03985612909497,0.6189807016296643,6.12,0.0,2.89
1561,elbe-river_bunthaus_v0.3,2023-03-06,2023-03-06 12:00:00,53.461787,10.064451,6.57,0.0,3.68,4.315,10.25,18.1612715077282,0.6185431692681655,10.25,18.1612715077282,0.6185431692681655,6.57,0.0,3.68
1562,elbe-river_bunthaus_v0.3,2023-03-07,2023-03-07 12:00:00,53.461787,10.064451,8.07,0.0,6.6,4.2683333333333335,14.67,17.99115388354233,0.6150272373689243,14.67,17.99115388354233,0.6150272373689243,8.07,0.0,6.6
1563,elbe-river_bunthaus_v0.3,2023-03-08,2023-03-08 12:00:00,53.461787,10.064451,10.65064147751973,0.0,7.896331116489193,4.2125,18.546972594008924,18.87333527753475,0.602242313216289,18.546972594008924,18.87333527753475,0.602242313216289,10.65064147751973,0.0,7.896331116489193
1564,elbe-river_bunthaus_v0.3,2023-03-09,2023-03-09 12:00:00,53.461787,10.064451,11.45,0.0,1.0200000000000014,4.075,12.47,16.372606202002522,0.6264758217073275,12.47,16.372606202002522,0.6264758217073275,11.45,0.0,1.0200000000000014
1565,elbe-river_bunthaus_v0.3,2023-03-10,2023-03-10 12:00:00,53.461787,10.064451,12.87,0.0,7.640000000000002,3.783333333333333,20.51,15.886555847185766,0.6034987666431108,20.51,15.886555847185766,0.6034987666431108,12.87,0.0,7.640000000000002
1566,elbe-river_bunthaus_v0.3,2023-03-11,2023-03-11 12:00:00,53.461787,10.064451,15.23,0.0,6.739999999999998,3.45,21.97,15.52687858462136,0.5978844581969744,21.97,15.52687858462136,0.5978844581969744,15.23,0.0,6.739999999999998
1567,elbe-river_bunthaus_v0.3,2023-03-12,2023-03-12 12:00:00,53.461787,10.064451,18.08907724867725,0.0,7.75677967360788,3.5849999999999995,25.84585692228513,15.8962768542821,0.5874790661324127,25.84585692228513,15.8962768542821,0.5874790661324127,18.08907724867725,0.0,7.75677967360788
1568,elbe-river_bunthaus_v0.3,2023-03-13,2023-03-13 12:00:00,53.461787,10.064451,17.24,0.0,7.530000000000001,4.08,24.77,18.1321084864392,0.5865939212086553,24.77,18.1321084864392,0.5865939212086553,17.24,0.0,7.530000000000001
1569,elbe-river_bunthaus_v0.3,2023-03-14,2023-03-14 12:00:00,53.461787,10.064451,18.97,0.0,8.16,5.211666666666667,27.13,20.76893166132012,0.5837235038552618,27.13,20.76893166132012,0.5837235038552618,18.97,0.0,8.16
1570,elbe-river_bunthaus_v0.3,2023-03-15,2023-03-15 12:00:00,53.461787,10.064451,22.01,0.0,9.079999999999998,5.466666666666666,31.09,22.9901817828327,0.6072703325244102,31.09,22.9901817828327,0.6072703325244102,22.01,0.0,9.079999999999998
1571,elbe-river_bunthaus_v0.3,2023-03-16,2023-03-16 12:00:00,53.461787,10.064451,17.63,0.0,7.550000000000001,5.613333333333333,25.18,28.69155244483328,0.5886552787567763,25.18,28.69155244483328,0.5886552787567763,17.63,0.0,7.550000000000001
1572,elbe-river_bunthaus_v0.3,2023-03-17,2023-03-17 12:00:00,53.461787,10.064451,13.37,0.06,6.480000000000001,5.871666666666667,19.91,22.212501215125886,0.6564698204754104,19.91,22.212501215125886,0.6564698204754104,13.37,0.06,6.480000000000001
1573,elbe-river_bunthaus_v0.3,2023-03-18,2023-03-18 12:00:00,53.461787,10.064451,11.55,0.0,4.84,6.48,16.39,15.104014775930786,0.6781905258350563,16.39,15.104014775930786,0.6781905258350563,11.55,0.0,4.84
1574,elbe-river_bunthaus_v0.3,2023-03-19,2023-03-19 12:00:00,53.461787,10.064451,12.116122448979592,0.3098098186643078,5.976210869611004,7.278333333333333,18.402143137254903,21.0702828813065,0.6490505131853184,18.402143137254903,21.0702828813065,0.6490505131853184,12.116122448979592,0.3098098186643078,5.976210869611004
1575,elbe-river_bunthaus_v0.3,2023-03-20,2023-03-20 12:00:00,53.461787,10.064451,11.06,0.2,4.63,7.671666666666667,15.89,24.79828910275104,0.6049678334125853,15.89,24.79828910275104,0.6049678334125853,11.06,0.2,4.63
1576,elbe-river_bunthaus_v0.3,2023-03-21,2023-03-21 12:00:00,53.461787,10.064451,10.301095189255596,0.2858954356846472,5.268335913966711,8.01,15.855326538906954,32.26596675415573,0.5872129771746687,15.855326538906954,32.26596675415573,0.5872129771746687,10.301095189255596,0.2858954356846472,5.268335913966711
1577,elbe-river_bunthaus_v0.3,2023-03-22,2023-03-22 12:00:00,53.461787,10.064451,10.930230727470144,0.5603605818832107,5.278738184292973,8.264999999999999,16.769329493646328,27.62710216778458,0.6333952975331583,16.769329493646328,27.62710216778458,0.6333952975331583,10.930230727470144,0.5603605818832107,5.278738184292973
1578,elbe-river_bunthaus_v0.3,2023-03-23,2023-03-23 12:00:00,53.461787,10.064451,10.99,0.0,0.7799999999999994,8.681666666666667,11.77,25.29406046466414,0.6433515025392801,11.77,25.29406046466414,0.6433515025392801,10.99,0.0,0.7799999999999994
1579,elbe-river_bunthaus_v0.3,2023-03-24,2023-03-24 12:00:00,53.461787,10.064451,12.15,0.0,6.819999999999999,9.093333333333334,18.97,21.429960143870904,0.6550073552317933,18.97,21.429960143870904,0.6550073552317933,12.15,0.0,6.819999999999999
1580,elbe-river_bunthaus_v0.3,2023-03-25,2023-03-25 12:00:00,53.461787,10.064451,13.76,0.0,7.58,9.421666666666669,21.34,21.9403130164285,0.6322422239143968,21.34,21.9403130164285,0.6322422239143968,13.76,0.0,7.58
1581,elbe-river_bunthaus_v0.3,2023-03-26,2023-03-26 12:00:00,53.461787,10.064451,15.12,0.14,9.37,9.508333333333333,24.63,21.617089530475354,0.615755498831672,24.63,21.617089530475354,0.615755498831672,15.12,0.14,9.37
1582,elbe-river_bunthaus_v0.3,2023-03-27,2023-03-27 12:00:00,53.461787,10.064451,18.27,0.0,10.06,9.376666666666669,28.33,21.330319821133468,0.6077235440977177,28.33,21.330319821133468,0.6077235440977177,18.27,0.0,10.06
1583,elbe-river_bunthaus_v0.3,2023-03-28,2023-03-28 12:00:00,53.461787,10.064451,21.442546601977167,0.0,11.270569298617982,8.743333333333334,32.71311590059515,22.564887722368034,0.614900973356733,32.71311590059515,22.564887722368034,0.614900973356733,21.442546601977167,0.0,11.270569298617982
1584,elbe-river_bunthaus_v0.3,2023-03-29,2023-03-29 12:00:00,53.461787,10.064451,23.13,0.0,10.2,8.51,33.33,23.33041703120443,0.6031619996964042,33.33,23.33041703120443,0.6031619996964042,23.13,0.0,10.2
1585,elbe-river_bunthaus_v0.3,2023-03-30,2023-03-30 12:00:00,53.461787,10.064451,28.14,0.0,11.880000000000004,8.828333333333333,40.02,23.96714299601439,0.6005304968252477,40.02,23.96714299601439,0.6005304968252477,28.14,0.0,11.880000000000004
1586,elbe-river_bunthaus_v0.3,2023-03-31,2023-03-31 12:00:00,53.461787,10.064451,31.02,0.0,11.790000000000004,9.355,42.81,20.21240400505492,0.6083987560849787,42.81,20.21240400505492,0.6083987560849787,31.02,0.0,11.790000000000004
1587,elbe-river_bunthaus_v0.3,2023-04-01,2023-04-01 12:00:00,53.461787,10.064451,36.5,0.0,13.869999999999996,9.44,50.37,15.90113735783027,0.6062452091548858,50.37,15.90113735783027,0.6062452091548858,36.5,0.0,13.869999999999996
1588,elbe-river_bunthaus_v0.3,2023-04-02,2023-04-02 12:00:00,53.461787,10.064451,44.0,0.0,15.560000000000002,9.081666666666669,59.56,19.894041022649944,0.5532879497170587,59.56,19.894041022649944,0.5532879497170587,44.0,0.0,15.560000000000002
1589,elbe-river_bunthaus_v0.3,2023-04-03,2023-04-03 12:00:00,53.461787,10.064451,36.710764015645374,0.0,13.958546791794769,8.998333333333333,50.66931080744014,23.62447749586857,0.5244279760524151,50.66931080744014,23.62447749586857,0.5244279760524151,36.710764015645374,0.0,13.958546791794769
1590,elbe-river_bunthaus_v0.3,2023-04-04,2023-04-04 12:00:00,53.461787,10.064451,34.88,0.0,14.239999999999997,8.548333333333334,49.12,18.35326139788081,0.5993157879614799,49.12,18.35326139788081,0.5993157879614799,34.88,0.0,14.239999999999997
1591,elbe-river_bunthaus_v0.3,2023-04-05,2023-04-05 12:00:00,53.461787,10.064451,38.87,0.0,16.340000000000003,8.583333333333334,55.21,19.14552347623214,0.6007569603900531,55.21,19.14552347623214,0.6007569603900531,38.87,0.0,16.340000000000003
1592,elbe-river_bunthaus_v0.3,2023-04-06,2023-04-06 12:00:00,53.461787,10.064451,43.52,0.0,17.099999999999994,8.676666666666668,60.62,20.64012831729367,0.5941276886896276,60.62,20.64012831729367,0.5941276886896276,43.52,0.0,17.099999999999994
1593,elbe-river_bunthaus_v0.3,2023-04-07,2023-04-07 12:00:00,53.461787,10.064451,48.98,0.0,19.72000000000001,8.893333333333333,68.7,20.24642752989209,0.5784322463659047,68.7,20.24642752989209,0.5784322463659047,48.98,0.0,19.72000000000001
1594,elbe-river_bunthaus_v0.3,2023-04-08,2023-04-08 12:00:00,53.461787,10.064451,44.77,0.0,17.909999999999997,9.038333333333332,62.68,19.845435987168266,0.5540112067561049,62.68,19.845435987168266,0.5540112067561049,44.77,0.0,17.909999999999997
1595,elbe-river_bunthaus_v0.3,2023-04-09,2023-04-09 12:00:00,53.461787,10.064451,35.36995745779454,0.0,13.091169867592557,8.91,48.461127325387096,20.832118207446293,0.5538019391443285,48.461127325387096,20.832118207446293,0.5538019391443285,35.36995745779454,0.0,13.091169867592557
1596,elbe-river_bunthaus_v0.3,2023-04-10,2023-04-10 12:00:00,53.461787,10.064451,32.27,0.0,12.779999999999994,9.158333333333331,45.05,19.74579566443083,0.5619128892442818,45.05,19.74579566443083,0.5619128892442818,32.27,0.0,12.779999999999994
1597,elbe-river_bunthaus_v0.3,2023-04-12,2023-04-12 12:00:00,53.461787,10.064451,35.11,0.0,15.060000000000002,9.46,50.17,17.32040439389521,0.5886824637292245,50.17,17.32040439389521,0.5886824637292245,35.11,0.0,15.060000000000002
1598,elbe-river_bunthaus_v0.3,2023-04-14,2023-04-14 12:00:00,53.461787,10.064451,38.16,0.0,15.670000000000002,9.895,53.83,17.485661514532907,0.5899769008929654,53.83,17.485661514532907,0.5899769008929654,38.16,0.0,15.670000000000002
1599,elbe-river_bunthaus_v0.3,2023-04-15,2023-04-15 12:00:00,53.461787,10.064451,38.5,0.0,15.799999999999995,10.115,54.3,12.74910080684359,0.6066854643417535,54.3,12.74910080684359,0.6066854643417535,38.5,0.0,15.799999999999995
1600,elbe-river_bunthaus_v0.3,2023-04-16,2023-04-16 12:00:00,53.461787,10.064451,37.40478762899377,0.0,15.04825663392416,10.161666666666669,52.453044262917935,14.489161077087584,0.5856478407335893,52.453044262917935,14.489161077087584,0.5856478407335893,37.40478762899377,0.0,15.04825663392416
1601,elbe-river_bunthaus_v0.3,2023-04-17,2023-04-17 12:00:00,53.461787,10.064451,38.47,0.0,15.670000000000002,10.3725,54.14,17.6363371245261,0.5668960246897232,54.14,17.6363371245261,0.5668960246897232,38.47,0.0,15.670000000000002
1602,elbe-river_bunthaus_v0.3,2023-04-18,2023-04-18 12:00:00,53.461787,10.064451,44.44,0.0,17.410000000000004,10.718333333333334,61.85,15.130747545445711,0.5696990643821989,61.85,15.130747545445711,0.5696990643821989,44.44,0.0,17.410000000000004
1603,elbe-river_bunthaus_v0.3,2023-04-19,2023-04-19 12:00:00,53.461787,10.064451,46.64,0.0,18.090000000000003,10.745,64.73,16.630212890055407,0.5699290664457043,64.73,16.630212890055407,0.5699290664457043,46.64,0.0,18.090000000000003
1604,elbe-river_bunthaus_v0.3,2023-04-20,2023-04-20 12:00:00,53.461787,10.064451,51.65,0.0,18.750000000000007,10.526666666666666,70.4,19.267036064936324,0.5369809564371241,70.4,19.267036064936324,0.5369809564371241,51.65,0.0,18.750000000000007
1605,elbe-river_bunthaus_v0.3,2023-04-21,2023-04-21 12:00:00,53.461787,10.064451,52.38,0.0,17.21999999999999,10.658333333333331,69.6,22.36803732866725,0.4989309463590231,69.6,22.36803732866725,0.4989309463590231,52.38,0.0,17.21999999999999
1606,elbe-river_bunthaus_v0.3,2023-04-22,2023-04-22 12:00:00,53.461787,10.064451,39.04,0.0,13.18,11.39,52.22,24.67920676582094,0.4922383531234068,52.22,24.67920676582094,0.4922383531234068,39.04,0.0,13.18
1607,elbe-river_bunthaus_v0.3,2023-04-23,2023-04-23 12:00:00,53.461787,10.064451,24.24,0.08,11.140000000000002,12.193333333333332,35.46,25.887041897540584,0.5097889553715031,35.46,25.887041897540584,0.5097889553715031,24.24,0.08,11.140000000000002
1608,elbe-river_bunthaus_v0.3,2023-04-24,2023-04-24 12:00:00,53.461787,10.064451,16.019312169312173,0.5009859154929577,8.221984119802478,12.616666666666667,24.74228220460761,29.86779430348984,0.5877203623914843,24.74228220460761,29.86779430348984,0.5877203623914843,16.019312169312173,0.5009859154929577,8.221984119802478
1609,elbe-river_bunthaus_v0.3,2023-04-25,2023-04-25 12:00:00,53.461787,10.064451,13.48,1.23,7.77,12.371666666666668,22.48,29.1387187712647,0.626934098744241,22.48,29.1387187712647,0.626934098744241,13.48,1.23,7.77
1610,elbe-river_bunthaus_v0.3,2023-04-26,2023-04-26 12:00:00,53.461787,10.064451,13.49,0.77,7.500000000000002,11.638333333333334,21.76,25.36453776611257,0.6413356393443259,21.76,25.36453776611257,0.6413356393443259,13.49,0.77,7.500000000000002
1611,elbe-river_bunthaus_v0.3,2023-04-27,2023-04-27 12:00:00,53.461787,10.064451,14.0,0.42,7.33,11.321666666666667,21.75,22.68883056284631,0.6809361081838963,21.75,22.68883056284631,0.6809361081838963,14.0,0.42,7.33
1612,elbe-river_bunthaus_v0.3,2023-04-28,2023-04-28 12:00:00,53.461787,10.064451,15.66,0.51,8.590000000000002,11.181666666666668,24.76,21.45426266161174,0.6659645970889594,24.76,21.45426266161174,0.6659645970889594,15.66,0.51,8.590000000000002
1613,elbe-river_bunthaus_v0.3,2023-04-29,2023-04-29 12:00:00,53.461787,10.064451,16.18,0.56,7.479999999999999,11.766666666666666,24.22,16.807621269563523,0.7482660853649276,24.22,16.807621269563523,0.7482660853649276,16.18,0.56,7.479999999999999
1614,elbe-river_bunthaus_v0.3,2023-04-30,2023-04-30 12:00:00,53.461787,10.064451,14.8,0.34,8.469999999999999,12.201666666666668,23.61,9.354039078448526,0.7726541458774377,23.61,9.354039078448526,0.7726541458774377,14.8,0.34,8.469999999999999
1615,elbe-river_bunthaus_v0.3,2023-05-01,2023-05-01 12:00:00,53.461787,10.064451,18.777581738162663,0.2260211267605633,4.768720928696493,12.616666666666667,23.77232379361972,10.034509575191988,0.7604427129156699,23.77232379361972,10.034509575191988,0.7604427129156699,18.777581738162663,0.2260211267605633,4.768720928696493
1616,elbe-river_bunthaus_v0.3,2023-05-02,2023-05-02 12:00:00,53.461787,10.064451,20.08479148402761,0.3376855677992041,9.004160418404004,12.666666666666666,29.426637470230816,14.617964421114026,0.7332311452201614,29.426637470230816,14.617964421114026,0.7332311452201614,20.08479148402761,0.3376855677992041,9.004160418404004
1617,elbe-river_bunthaus_v0.3,2023-05-03,2023-05-03 12:00:00,53.461787,10.064451,24.5,0.18,10.71,12.415,35.39,15.145329056090214,0.7272540028175094,35.39,15.145329056090214,0.7272540028175094,24.5,0.18,10.71
1618,elbe-river_bunthaus_v0.3,2023-05-04,2023-05-04 12:00:00,53.461787,10.064451,35.26,0.13,17.400000000000002,12.87,52.79,17.313113638572954,0.6355793489516685,52.79,17.313113638572954,0.6355793489516685,35.26,0.13,17.400000000000002
1619,elbe-river_bunthaus_v0.3,2023-05-05,2023-05-05 12:00:00,53.461787,10.064451,40.32,0.52,17.750000000000004,13.22,58.59,20.676582093904926,0.5904441919750831,58.59,20.676582093904926,0.5904441919750831,40.32,0.52,17.750000000000004
1620,elbe-river_bunthaus_v0.3,2023-05-06,2023-05-06 12:00:00,53.461787,10.064451,46.96,1.1,19.730000000000004,13.286666666666669,67.79,25.1506756099932,0.5462286270981703,67.79,25.1506756099932,0.5462286270981703,46.96,1.1,19.730000000000004
1621,elbe-river_bunthaus_v0.3,2023-05-07,2023-05-07 12:00:00,53.461787,10.064451,47.37,0.69,19.32,13.185,67.38,23.80431612715077,0.5319291001133994,67.38,23.80431612715077,0.5319291001133994,47.37,0.69,19.32
1622,elbe-river_bunthaus_v0.3,2023-05-08,2023-05-08 12:00:00,53.461787,10.064451,48.12,0.52,19.870000000000008,13.468333333333334,68.51,23.571011956838728,0.5344828929565303,68.51,23.571011956838728,0.5344828929565303,48.12,0.52,19.870000000000008
1623,elbe-river_bunthaus_v0.3,2023-05-09,2023-05-09 12:00:00,53.461787,10.064451,52.75,1.35,20.630000000000003,14.276,74.73,27.30533683289589,0.5293932037231233,74.73,27.30533683289589,0.5293932037231233,52.75,1.35,20.630000000000003
1624,elbe-river_bunthaus_v0.3,2023-05-10,2023-05-10 12:00:00,53.461787,10.064451,57.95,1.31,23.750000000000004,14.703333333333331,83.01,29.00019442014192,0.538424963079297,83.01,29.00019442014192,0.538424963079297,57.95,1.31,23.750000000000004
1625,elbe-river_bunthaus_v0.3,2023-05-12,2023-05-12 12:00:00,53.461787,10.064451,65.98085629065842,1.961989622705565,22.381552065722325,15.44,90.32439797908631,30.062214445416544,0.5100692753080491,90.32439797908631,30.062214445416544,0.5100692753080491,65.98085629065842,1.961989622705565,22.381552065722325
1626,elbe-river_bunthaus_v0.3,2023-05-13,2023-05-13 12:00:00,53.461787,10.064451,68.89,1.79,24.050000000000004,16.423333333333332,94.73,34.50471468844172,0.4965085367533703,94.73,34.50471468844172,0.4965085367533703,68.89,1.79,24.050000000000004
1627,elbe-river_bunthaus_v0.3,2023-05-14,2023-05-14 12:00:00,53.461787,10.064451,57.35,0.74,23.52,17.465,81.61,17.993584135316414,0.5743963267421849,81.61,17.993584135316414,0.5743963267421849,57.35,0.74,23.52
1628,elbe-river_bunthaus_v0.3,2023-05-15,2023-05-15 12:00:00,53.461787,10.064451,69.91080870135023,1.0895090226463362,25.44709989784643,18.005,96.447417621843,22.715563332361228,0.572917802273999,96.447417621843,22.715563332361228,0.572917802273999,69.91080870135023,1.0895090226463362,25.44709989784643
1629,elbe-river_bunthaus_v0.3,2023-05-16,2023-05-16 12:00:00,53.461787,10.064451,75.97,1.95,24.920000000000005,17.436666666666667,102.84,33.59823077670846,0.5094485194691314,102.84,33.59823077670846,0.5094485194691314,75.97,1.95,24.920000000000005
1630,elbe-river_bunthaus_v0.3,2023-05-17,2023-05-17 12:00:00,53.461787,10.064451,77.5,0.0,32.230000000000004,16.521666666666665,109.73,36.1864489161077,0.473301332788006,109.73,36.1864489161077,0.473301332788006,77.5,0.0,32.230000000000004
1631,elbe-river_bunthaus_v0.3,2023-05-18,2023-05-18 12:00:00,53.461787,10.064451,80.23,0.72,33.89,16.118333333333336,114.84,36.9228152036551,0.4621393607049259,114.84,36.9228152036551,0.4621393607049259,80.23,0.72,33.89
1632,elbe-river_bunthaus_v0.3,2023-05-19,2023-05-19 12:00:00,53.461787,10.064451,76.33,0.0,35.95,16.36,112.28,37.051618547681535,0.4528091853392637,112.28,37.051618547681535,0.4528091853392637,76.33,0.0,35.95
1633,elbe-river_bunthaus_v0.3,2023-05-20,2023-05-20 12:00:00,53.461787,10.064451,69.77,0.55,36.120000000000005,16.465,106.44,37.89734616506269,0.4425988059130131,106.44,37.89734616506269,0.4425988059130131,69.77,0.55,36.120000000000005
1634,elbe-river_bunthaus_v0.3,2023-05-21,2023-05-21 12:00:00,53.461787,10.064451,79.4,0.22,38.53,16.613333333333333,118.15,44.512491494118784,0.4131238351783307,118.15,44.512491494118784,0.4131238351783307,79.4,0.22,38.53
1635,elbe-river_bunthaus_v0.3,2023-05-23,2023-05-23 12:00:00,53.461787,10.064451,73.745,2.9450000000000003,32.24,17.924,108.93,37.41907261592301,0.4070645106673723,108.93,37.41907261592301,0.4070645106673723,73.745,2.9450000000000003,32.24
1636,elbe-river_bunthaus_v0.3,2023-05-24,2023-05-24 12:00:00,53.461787,10.064451,71.42,3.57,30.7,17.2,105.69,34.43180713521921,0.3853158011253955,105.69,34.43180713521921,0.3853158011253955,71.42,3.57,30.7
1637,elbe-river_bunthaus_v0.3,2023-05-25,2023-05-25 12:00:00,53.461787,10.064451,65.37,3.2,29.63,16.923333333333336,98.2,32.64557208126761,0.4537745961010017,98.2,32.64557208126761,0.4537745961010017,65.37,3.2,29.63
1638,elbe-river_bunthaus_v0.3,2023-05-26,2023-05-26 12:00:00,53.461787,10.064451,61.742134611175054,3.81334085206391,29.05352696588564,17.09,94.6090024291246,30.58714882861864,0.5044762954752142,94.6090024291246,30.58714882861864,0.5044762954752142,61.742134611175054,3.81334085206391,29.05352696588564
1639,elbe-river_bunthaus_v0.3,2023-05-27,2023-05-27 12:00:00,53.461787,10.064451,67.93,2.02,34.12999999999999,17.421666666666667,104.08,33.394089627685425,0.4761149475396099,104.08,33.394089627685425,0.4761149475396099,67.93,2.02,34.12999999999999
1640,elbe-river_bunthaus_v0.3,2023-05-28,2023-05-28 12:00:00,53.461787,10.064451,60.99795251085162,4.035891868524174,29.726459275160693,18.126666666666665,94.76030365453649,24.47749586857197,0.5059791293319439,94.76030365453649,24.47749586857197,0.5059791293319439,60.99795251085162,4.035891868524174,29.726459275160693
1641,elbe-river_bunthaus_v0.3,2023-05-29,2023-05-29 12:00:00,53.461787,10.064451,60.83,4.61,35.18000000000001,18.521666666666665,100.62,12.469621852823954,0.5190994424722688,100.62,12.469621852823954,0.5190994424722688,60.83,4.61,35.18000000000001
1642,elbe-river_bunthaus_v0.3,2023-05-30,2023-05-30 12:00:00,53.461787,10.064451,69.49,5.71,38.56000000000001,18.525,113.76,22.84631087780693,0.4682253665210192,113.76,22.84631087780693,0.4682253665210192,69.49,5.71,38.56000000000001
1643,elbe-river_bunthaus_v0.3,2023-05-31,2023-05-31 12:00:00,53.461787,10.064451,79.26,3.87,50.55,19.22,133.68,35.88752794789541,0.4097451077039082,133.68,35.88752794789541,0.4097451077039082,79.26,3.87,50.55
1644,elbe-river_bunthaus_v0.3,2023-06-01,2023-06-01 12:00:00,53.461787,10.064451,82.37,6.5,59.69,19.025,148.56,35.95557499756974,0.3512449420439972,148.56,35.95557499756974,0.3512449420439972,82.37,6.5,59.69
1645,elbe-river_bunthaus_v0.3,2023-06-02,2023-06-02 12:00:00,53.461787,10.064451,80.03,8.1,64.23000000000002,18.723333333333333,152.36,33.5180324681637,0.3569230253778226,152.36,33.5180324681637,0.3569230253778226,80.03,8.1,64.23000000000002
1646,elbe-river_bunthaus_v0.3,2023-06-03,2023-06-03 12:00:00,53.461787,10.064451,80.2,9.22,70.17999999999999,18.72833333333333,159.6,32.4098376591815,0.3676049678092993,159.6,32.4098376591815,0.3676049678092993,80.2,9.22,70.17999999999999
1647,elbe-river_bunthaus_v0.3,2023-06-04,2023-06-04 12:00:00,53.461787,10.064451,87.46,12.8,77.14000000000001,18.918333333333333,177.4,32.88373675512782,0.3667930275584867,177.4,32.88373675512782,0.3667930275584867,87.46,12.8,77.14000000000001
1648,elbe-river_bunthaus_v0.3,2023-06-05,2023-06-05 12:00:00,53.461787,10.064451,64.51,11.82,66.28999999999999,19.665,142.62,35.41362885194906,0.3710602872141816,142.62,35.41362885194906,0.3710602872141816,64.51,11.82,66.28999999999999
1649,elbe-river_bunthaus_v0.3,2023-06-06,2023-06-06 12:00:00,53.461787,10.064451,57.83,12.53,58.58999999999999,20.71,128.95,32.15466122290268,0.3761832881960492,128.95,32.15466122290268,0.3761832881960492,57.83,12.53,58.58999999999999
1650,elbe-river_bunthaus_v0.3,2023-06-07,2023-06-07 12:00:00,53.461787,10.064451,47.86,14.18,50.12,21.311666666666667,112.16,36.32497326723048,0.3727613080788514,112.16,36.32497326723048,0.3727613080788514,47.86,14.18,50.12
1651,elbe-river_bunthaus_v0.3,2023-06-08,2023-06-08 12:00:00,53.461787,10.064451,38.94746214587632,16.696172236046927,37.83592789306593,21.69666666666667,93.47956227498918,33.2336930105959,0.3947027861712831,93.47956227498918,33.2336930105959,0.3947027861712831,38.94746214587632,16.696172236046927,37.83592789306593
1652,elbe-river_bunthaus_v0.3,2023-06-09,2023-06-09 12:00:00,53.461787,10.064451,29.74,16.64,28.94,22.33833333333333,75.32,30.664916885389324,0.4078469708137687,75.32,30.664916885389324,0.4078469708137687,29.74,16.64,28.94
1653,elbe-river_bunthaus_v0.3,2023-06-10,2023-06-10 12:00:00,53.461787,10.064451,21.35,11.72,21.56,22.65333333333333,54.63,31.607854573733828,0.4182039682339497,54.63,31.607854573733828,0.4182039682339497,21.35,11.72,21.56
1654,elbe-river_bunthaus_v0.3,2023-06-11,2023-06-11 12:00:00,53.461787,10.064451,11.31,6.88,13.760000000000002,22.986666666666665,31.95,26.591814912024887,0.4427572772715362,31.95,26.591814912024887,0.4427572772715362,11.31,6.88,13.760000000000002
1655,elbe-river_bunthaus_v0.3,2023-06-12,2023-06-12 12:00:00,53.461787,10.064451,9.2246442664802,2.1332646648276694,14.094092469923549,23.20833333333333,25.452001401231417,28.11386293300509,0.4245791191979718,25.452001401231417,28.11386293300509,0.4245791191979718,9.2246442664802,2.1332646648276694,14.094092469923549
1656,elbe-river_bunthaus_v0.3,2023-06-14,2023-06-14 12:00:00,53.461787,10.064451,15.65049031808572,5.190654637741622,18.611910101138456,22.933333333333334,39.4530550569658,32.27860406338096,0.4707260354047091,39.4530550569658,32.27860406338096,0.4707260354047091,15.65049031808572,5.190654637741622,18.611910101138456
1657,elbe-river_bunthaus_v0.3,2023-06-15,2023-06-15 12:00:00,53.461787,10.064451,19.53,4.34,19.79,22.593333333333334,43.66,40.434529017206174,0.3533039168017861,43.66,40.434529017206174,0.3533039168017861,19.53,4.34,19.79
1658,elbe-river_bunthaus_v0.3,2023-06-16,2023-06-16 12:00:00,53.461787,10.064451,18.07,4.94,18.61,22.19666666666667,41.62,35.117138135510835,0.4235260660841819,41.62,35.117138135510835,0.4235260660841819,18.07,4.94,18.61
1659,elbe-river_bunthaus_v0.3,2023-06-17,2023-06-17 12:00:00,53.461787,10.064451,14.26,4.59,18.670000000000005,21.618333333333336,37.52,34.006513074754544,0.3881814510152647,37.52,34.006513074754544,0.3881814510152647,14.26,4.59,18.670000000000005
1660,elbe-river_bunthaus_v0.3,2023-06-18,2023-06-18 12:00:00,53.461787,10.064451,15.71,4.86,17.36,21.51833333333333,37.93,32.03557888597258,0.4003264529544117,37.93,32.03557888597258,0.4003264529544117,15.71,4.86,17.36
1661,elbe-river_bunthaus_v0.3,2023-06-19,2023-06-19 12:00:00,53.461787,10.064451,16.770498130469374,4.604587343248761,21.407501588016927,22.183333333333334,42.782587061735065,30.293088363954503,0.4061343493571382,42.782587061735065,30.293088363954503,0.4061343493571382,16.770498130469374,4.604587343248761,21.407501588016927
1662,elbe-river_bunthaus_v0.3,2023-06-20,2023-06-20 12:00:00,53.461787,10.064451,19.73,5.54,22.4,22.471666666666668,47.67,32.74035190045688,0.3850555293663166,47.67,32.74035190045688,0.3850555293663166,19.73,5.54,22.4
1663,elbe-river_bunthaus_v0.3,2023-06-21,2023-06-21 12:00:00,53.461787,10.064451,17.46,5.2,26.21,22.918333333333333,48.87,38.70418975405851,0.3566888822802777,48.87,38.70418975405851,0.3566888822802777,17.46,5.2,26.21
1664,elbe-river_bunthaus_v0.3,2023-06-22,2023-06-22 12:00:00,53.461787,10.064451,23.55,5.77,28.320000000000004,23.430000000000003,57.64,36.61417322834645,0.3692485810892129,57.64,36.61417322834645,0.3692485810892129,23.55,5.77,28.320000000000004
1665,elbe-river_bunthaus_v0.3,2023-06-23,2023-06-23 12:00:00,53.461787,10.064451,20.53,6.12,25.81,23.32,52.46,40.0408282298046,0.3426315568016814,52.46,40.0408282298046,0.3426315568016814,20.53,6.12,25.81
1666,elbe-river_bunthaus_v0.3,2023-06-24,2023-06-24 12:00:00,53.461787,10.064451,15.66,5.93,26.300000000000004,23.315,47.89,43.256051326917465,0.3453944731275325,47.89,43.256051326917465,0.3453944731275325,15.66,5.93,26.300000000000004
1667,elbe-river_bunthaus_v0.3,2023-06-25,2023-06-25 12:00:00,53.461787,10.064451,11.73,5.62,24.059999999999995,23.493333333333336,41.41,37.35053951589384,0.4002706801380791,41.41,37.35053951589384,0.4002706801380791,11.73,5.62,24.059999999999995
1668,elbe-river_bunthaus_v0.3,2023-06-26,2023-06-26 12:00:00,53.461787,10.064451,12.24,5.51,20.65,23.863333333333333,38.4,34.59463400408282,0.4406726994745489,38.4,34.59463400408282,0.4406726994745489,12.24,5.51,20.65
1669,elbe-river_bunthaus_v0.3,2023-06-27,2023-06-27 12:00:00,53.461787,10.064451,9.94810862035161,4.4906575,17.14910594908824,23.365,31.58787206943985,23.65607076893166,0.4708354505069413,31.58787206943985,23.65607076893166,0.4708354505069413,9.94810862035161,4.4906575,17.14910594908824
1670,elbe-river_bunthaus_v0.3,2023-06-28,2023-06-28 12:00:00,53.461787,10.064451,6.91,3.84,12.010000000000002,23.03,22.76,12.294643725089918,0.503715015952556,22.76,12.294643725089918,0.503715015952556,6.91,3.84,12.010000000000002
1671,elbe-river_bunthaus_v0.3,2023-06-29,2023-06-29 12:00:00,53.461787,10.064451,21.66758216026429,5.984289898132429,17.342041139203452,22.67833333333333,44.99391319760017,21.692427335471955,0.495320474023724,44.99391319760017,21.692427335471955,0.495320474023724,21.66758216026429,5.984289898132429,17.342041139203452
1672,elbe-river_bunthaus_v0.3,2023-06-30,2023-06-30 12:00:00,53.461787,10.064451,39.29,7.97,23.830000000000005,22.355,71.09,33.9384660250802,0.4635626980258649,71.09,33.9384660250802,0.4635626980258649,39.29,7.97,23.830000000000005
1673,elbe-river_bunthaus_v0.3,2023-07-01,2023-07-01 12:00:00,53.461787,10.064451,36.45,7.49,20.68,21.96666666666667,64.62,35.81705064644697,0.4302369274235674,64.62,35.81705064644697,0.4302369274235674,36.45,7.49,20.68
1674,elbe-river_bunthaus_v0.3,2023-07-02,2023-07-02 12:00:00,53.461787,10.064451,44.44,7.98,20.02,21.403333333333336,72.44,36.99815300865169,0.4209345893144092,72.44,36.99815300865169,0.4209345893144092,44.44,7.98,20.02
1675,elbe-river_bunthaus_v0.3,2023-07-03,2023-07-03 12:00:00,53.461787,10.064451,55.19,7.76,20.6,20.36,83.55,32.023427627102166,0.4515799811832243,83.55,32.023427627102166,0.4515799811832243,55.19,7.76,20.6
1676,elbe-river_bunthaus_v0.3,2023-07-04,2023-07-04 12:00:00,53.461787,10.064451,69.07,9.77,28.11000000000001,19.67333333333333,106.95,32.24701079031787,0.4784748973351315,106.95,32.24701079031787,0.4784748973351315,69.07,9.77,28.11000000000001
1677,elbe-river_bunthaus_v0.3,2023-07-05,2023-07-05 12:00:00,53.461787,10.064451,81.81692864719491,8.776504181802823,33.5799282963996,19.385,124.17336112539734,45.09089141635072,0.359118865591279,124.17336112539734,45.09089141635072,0.359118865591279,81.81692864719491,8.776504181802823,33.5799282963996
1678,elbe-river_bunthaus_v0.3,2023-07-06,2023-07-06 12:00:00,53.461787,10.064451,83.94,7.2,35.92,18.965,127.06,32.30533683289589,0.4185914853867159,127.06,32.30533683289589,0.4185914853867159,83.94,7.2,35.92
1679,elbe-river_bunthaus_v0.3,2023-07-07,2023-07-07 12:00:00,53.461787,10.064451,93.66,7.74,39.34000000000001,19.426666666666662,140.74,32.2275687761252,0.4203398752966182,140.74,32.2275687761252,0.4203398752966182,93.66,7.74,39.34000000000001
1680,elbe-river_bunthaus_v0.3,2023-07-08,2023-07-08 12:00:00,53.461787,10.064451,92.46,8.7,40.420000000000016,20.265,141.58,34.79877515310586,0.4005506249593433,141.58,34.79877515310586,0.4005506249593433,92.46,8.7,40.420000000000016
1681,elbe-river_bunthaus_v0.3,2023-07-09,2023-07-09 12:00:00,53.461787,10.064451,89.33,8.67,43.0,21.21166666666667,141.0,37.01759502284436,0.3893534255459978,141.0,37.01759502284436,0.3893534255459978,89.33,8.67,43.0
1682,elbe-river_bunthaus_v0.3,2023-07-10,2023-07-10 12:00:00,53.461787,10.064451,58.2533359058744,7.286918564926032,25.04800284761697,21.926666666666662,90.5882573184174,41.10527850685331,0.3832022126068748,90.5882573184174,41.10527850685331,0.3832022126068748,58.2533359058744,7.286918564926032,25.04800284761697
1683,elbe-river_bunthaus_v0.3,2023-07-11,2023-07-11 12:00:00,53.461787,10.064451,61.94,7.84,33.52,22.62,103.3,32.944493049479924,0.4245295635217234,103.3,32.944493049479924,0.4245295635217234,61.94,7.84,33.52
1684,elbe-river_bunthaus_v0.3,2023-07-12,2023-07-12 12:00:00,53.461787,10.064451,34.07,4.72,25.01,22.82333333333333,63.8,25.06804704967434,0.4833602349247292,63.8,25.06804704967434,0.4833602349247292,34.07,4.72,25.01
1685,elbe-river_bunthaus_v0.3,2023-07-13,2023-07-13 12:00:00,53.461787,10.064451,24.295446857746185,7.102047638298332,28.031189597640584,23.415000000000003,59.4286840936851,37.82929911538835,0.4166628061514769,59.4286840936851,37.82929911538835,0.4166628061514769,24.295446857746185,7.102047638298332,28.031189597640584
1686,elbe-river_bunthaus_v0.3,2023-07-14,2023-07-14 12:00:00,53.461787,10.064451,21.82,9.77,32.260000000000005,23.501666666666665,63.85,47.11286089238844,0.396201689379125,63.85,47.11286089238844,0.396201689379125,21.82,9.77,32.260000000000005
1687,elbe-river_bunthaus_v0.3,2023-07-15,2023-07-15 12:00:00,53.461787,10.064451,23.29,12.18,34.870000000000005,23.486666666666668,70.34,45.34849810440361,0.3973782663713533,70.34,45.34849810440361,0.3973782663713533,23.29,12.18,34.870000000000005
1688,elbe-river_bunthaus_v0.3,2023-07-16,2023-07-16 12:00:00,53.461787,10.064451,19.02,12.65,34.550000000000004,23.118333333333336,66.22,43.226888305628464,0.4063341925986904,66.22,43.226888305628464,0.4063341925986904,19.02,12.65,34.550000000000004
1689,elbe-river_bunthaus_v0.3,2023-07-17,2023-07-17 12:00:00,53.461787,10.064451,13.1,11.35,26.349999999999994,23.01,50.8,34.645669291338585,0.4755096567856732,50.8,34.645669291338585,0.4755096567856732,13.1,11.35,26.349999999999994
1690,elbe-river_bunthaus_v0.3,2023-07-18,2023-07-18 12:00:00,53.461787,10.064451,15.55,11.64,24.89,22.66333333333333,52.08,37.69563526781374,0.4480789771461351,52.08,37.69563526781374,0.4480789771461351,15.55,11.64,24.89
1691,elbe-river_bunthaus_v0.3,2023-07-19,2023-07-19 12:00:00,53.461787,10.064451,11.91,9.94,15.839999999999998,22.473333333333333,37.69,29.38174394867308,0.4416637526559817,37.69,29.38174394867308,0.4416637526559817,11.91,9.94,15.839999999999998
1692,elbe-river_bunthaus_v0.3,2023-07-20,2023-07-20 12:00:00,53.461787,10.064451,10.53,9.47,16.119999999999997,22.146666666666665,36.12,35.11956838728492,0.4295831892185568,36.12,35.11956838728492,0.4295831892185568,10.53,9.47,16.119999999999997
1693,elbe-river_bunthaus_v0.3,2023-07-21,2023-07-21 12:00:00,53.461787,10.064451,12.61,9.02,15.390000000000004,21.831666666666667,37.02,37.299504228638085,0.410159785596915,37.02,37.299504228638085,0.410159785596915,12.61,9.02,15.390000000000004
1694,elbe-river_bunthaus_v0.3,2023-07-22,2023-07-22 12:00:00,53.461787,10.064451,15.01,9.32,17.230000000000004,21.501666666666665,41.56,35.348012054048795,0.4080611833422589,41.56,35.348012054048795,0.4080611833422589,15.01,9.32,17.230000000000004
1695,elbe-river_bunthaus_v0.3,2023-07-23,2023-07-23 12:00:00,53.461787,10.064451,20.92,10.45,16.650000000000002,20.93166666666667,48.02,33.80723242927967,0.4097709682860052,48.02,33.80723242927967,0.4097709682860052,20.92,10.45,16.650000000000002
1696,elbe-river_bunthaus_v0.3,2023-07-24,2023-07-24 12:00:00,53.461787,10.064451,21.57,10.18,15.950000000000005,20.781666666666663,47.7,25.541946145620685,0.4735190137859308,47.7,25.541946145620685,0.4735190137859308,21.57,10.18,15.950000000000005
1697,elbe-river_bunthaus_v0.3,2023-07-25,2023-07-25 12:00:00,53.461787,10.064451,24.6,10.03,16.739999999999995,20.601666666666667,51.37,25.884611645766498,0.4628613245334003,51.37,25.884611645766498,0.4628613245334003,24.6,10.03,16.739999999999995
1698,elbe-river_bunthaus_v0.3,2023-07-26,2023-07-26 12:00:00,53.461787,10.064451,31.67,10.36,18.74,20.38,60.77,25.5103528725576,0.4717674871985276,60.77,25.5103528725576,0.4717674871985276,31.67,10.36,18.74
1699,elbe-river_bunthaus_v0.3,2023-07-27,2023-07-27 12:00:00,53.461787,10.064451,41.26049616633968,9.84367493431424,19.12063192857276,19.918333333333333,70.22480302922668,24.31709925148245,0.4731689078949662,70.22480302922668,24.31709925148245,0.4731689078949662,41.26049616633968,9.84367493431424,19.12063192857276
1700,elbe-river_bunthaus_v0.3,2023-07-28,2023-07-28 12:00:00,53.461787,10.064451,31.23,6.8,14.839999999999996,19.936666666666667,52.87,16.163604549431323,0.503534955543504,52.87,16.163604549431323,0.503534955543504,31.23,6.8,14.839999999999996
1701,elbe-river_bunthaus_v0.3,2023-07-29,2023-07-29 12:00:00,53.461787,10.064451,60.71,11.31,31.169999999999995,20.04,103.19,29.47409351608826,0.457199026718219,103.19,29.47409351608826,0.457199026718219,60.71,11.31,31.169999999999995
1702,elbe-river_bunthaus_v0.3,2023-07-30,2023-07-30 12:00:00,53.461787,10.064451,89.81,12.77,42.85000000000001,20.115,145.43,32.41226791095557,0.4302975205824781,145.43,32.41226791095557,0.4302975205824781,89.81,12.77,42.85000000000001
1703,elbe-river_bunthaus_v0.3,2023-07-31,2023-07-31 12:00:00,53.461787,10.064451,83.09,14.02,56.14,20.175,153.25,34.3418878195781,0.4886114755510596,153.25,34.3418878195781,0.4886114755510596,83.09,14.02,56.14
1704,elbe-river_bunthaus_v0.3,2023-08-01,2023-08-01 12:00:00,53.461787,10.064451,69.64080162402865,15.75004283582808,58.8909582246618,20.268,144.28180268451854,34.771070282881304,0.4736557816624352,144.28180268451854,34.771070282881304,0.4736557816624352,69.64080162402865,15.75004283582808,58.8909582246618
1705,elbe-river_bunthaus_v0.3,2023-08-02,2023-08-02 12:00:00,53.461787,10.064451,60.9084246395806,13.249610285547783,54.82510056105668,20.040000000000003,128.98313548618506,33.25799552833673,0.4908868477161262,128.98313548618506,33.25799552833673,0.4908868477161262,60.9084246395806,13.249610285547783,54.82510056105668
1706,elbe-river_bunthaus_v0.3,2023-08-03,2023-08-03 12:00:00,53.461787,10.064451,55.07,14.17,55.55999999999999,19.781666666666663,124.8,38.696898998736266,0.4776849101888557,124.8,38.696898998736266,0.4776849101888557,55.07,14.17,55.55999999999999
1707,elbe-river_bunthaus_v0.3,2023-08-04,2023-08-04 12:00:00,53.461787,10.064451,55.56,11.84,49.14,19.845,116.54,36.256926217556135,0.5079720447482733,116.54,36.256926217556135,0.5079720447482733,55.56,11.84,49.14
1708,elbe-river_bunthaus_v0.3,2023-08-05,2023-08-05 12:00:00,53.461787,10.064451,70.02,12.13,53.95,20.096666666666668,136.1,36.956838728492265,0.5447027457418783,136.1,36.956838728492265,0.5447027457418783,70.02,12.13,53.95
1709,elbe-river_bunthaus_v0.3,2023-08-06,2023-08-06 12:00:00,53.461787,10.064451,76.39,12.27,52.19,20.15333333333333,140.85,36.6968017886653,0.5588538851219533,140.85,36.6968017886653,0.5588538851219533,76.39,12.27,52.19
1710,elbe-river_bunthaus_v0.3,2023-08-07,2023-08-07 12:00:00,53.461787,10.064451,67.94499834060393,11.427695060238412,47.02494624746145,19.973333333333333,126.3976396483038,37.297073976864,0.5506115898825734,126.3976396483038,37.297073976864,0.5506115898825734,67.94499834060393,11.427695060238412,47.02494624746145
1711,elbe-river_bunthaus_v0.3,2023-08-08,2023-08-08 12:00:00,53.461787,10.064451,67.61,11.58,45.540000000000006,19.125,124.73,36.60202196947604,0.5089097101856505,124.73,36.60202196947604,0.5089097101856505,67.61,11.58,45.540000000000006
1712,elbe-river_bunthaus_v0.3,2023-08-09,2023-08-09 12:00:00,53.461787,10.064451,62.32,9.74,43.25,18.67333333333333,115.31,32.99066783318752,0.5128098386712605,115.31,32.99066783318752,0.5128098386712605,62.32,9.74,43.25
1713,elbe-river_bunthaus_v0.3,2023-08-10,2023-08-10 12:00:00,53.461787,10.064451,79.22,10.85,52.830000000000005,18.30666666666667,142.9,28.810634781763387,0.507870849839251,142.9,28.810634781763387,0.507870849839251,79.22,10.85,52.830000000000005
1714,elbe-river_bunthaus_v0.3,2023-08-11,2023-08-11 12:00:00,53.461787,10.064451,80.84,9.18,51.78000000000001,18.34,141.8,26.305045202683,0.4864214096146295,141.8,26.305045202683,0.4864214096146295,80.84,9.18,51.78000000000001
1715,elbe-river_bunthaus_v0.3,2023-08-12,2023-08-12 12:00:00,53.461787,10.064451,85.53,11.37,59.15000000000001,18.785,156.05,33.91173325556527,0.4313543762432484,156.05,33.91173325556527,0.4313543762432484,85.53,11.37,59.15000000000001
1716,elbe-river_bunthaus_v0.3,2023-08-13,2023-08-13 12:00:00,53.461787,10.064451,110.97,14.02,69.66000000000001,19.38,194.65,37.78312433168075,0.3800608993308929,194.65,37.78312433168075,0.3800608993308929,110.97,14.02,69.66000000000001
1717,elbe-river_bunthaus_v0.3,2023-08-14,2023-08-14 12:00:00,53.461787,10.064451,113.04,13.43,64.37,20.5275,190.84,41.84407504617479,0.3422243529271772,190.84,41.84407504617479,0.3422243529271772,113.04,13.43,64.37
1718,elbe-river_bunthaus_v0.3,2023-08-15,2023-08-15 12:00:00,53.461787,10.064451,97.94,14.23,66.33,21.703333333333333,178.5,58.32604257801108,0.2415581103414504,178.5,58.32604257801108,0.2415581103414504,97.94,14.23,66.33
1719,elbe-river_bunthaus_v0.3,2023-08-16,2023-08-16 12:00:00,53.461787,10.064451,83.735,16.33,66.08500000000001,22.42333333333333,166.15,45.59395353358608,0.274890335767024,166.15,45.59395353358608,0.274890335767024,83.735,16.33,66.08500000000001
1720,elbe-river_bunthaus_v0.3,2023-08-17,2023-08-17 12:00:00,53.461787,10.064451,74.78385395537525,18.17884390351604,54.883464475568246,22.28,147.84616233445954,60.45980363565664,0.1834826069368203,147.84616233445954,60.45980363565664,0.1834826069368203,74.78385395537525,18.17884390351604,54.883464475568246
1721,elbe-river_bunthaus_v0.3,2023-08-18,2023-08-18 12:00:00,53.461787,10.064451,69.57,15.29,44.39000000000001,21.78833333333333,129.25,50.0,0.2181395529334558,129.25,50.0,0.2181395529334558,69.57,15.29,44.39000000000001
1722,elbe-river_bunthaus_v0.3,2023-08-19,2023-08-19 12:00:00,53.461787,10.064451,70.8,14.01,39.81000000000001,22.436666666666667,124.62,52.4448332847283,0.2232635759594603,124.62,52.4448332847283,0.2232635759594603,70.8,14.01,39.81000000000001
1723,elbe-river_bunthaus_v0.3,2023-08-20,2023-08-20 12:00:00,53.461787,10.064451,68.18,14.23,35.349999999999994,23.115,117.76,61.46592787012734,0.153346964385654,117.76,61.46592787012734,0.153346964385654,68.18,14.23,35.349999999999994
1724,elbe-river_bunthaus_v0.3,2023-08-21,2023-08-21 12:00:00,53.461787,10.064451,59.87,14.34,33.400000000000006,23.828333333333333,107.61,56.38670166229221,0.1706106554402828,107.61,56.38670166229221,0.1706106554402828,59.87,14.34,33.400000000000006
1725,elbe-river_bunthaus_v0.3,2023-08-22,2023-08-22 12:00:00,53.461787,10.064451,56.37,15.3,31.6,24.316666666666663,103.27,47.142023913677455,0.2950271920190335,103.27,47.142023913677455,0.2950271920190335,56.37,15.3,31.6
1726,elbe-river_bunthaus_v0.3,2023-08-23,2023-08-23 12:00:00,53.461787,10.064451,46.64,15.34,27.979999999999997,24.28833333333333,89.96,50.342665500145806,0.2863801888737444,89.96,50.342665500145806,0.2863801888737444,46.64,15.34,27.979999999999997
1727,elbe-river_bunthaus_v0.3,2023-08-24,2023-08-24 12:00:00,53.461787,10.064451,46.32,13.83,26.020000000000003,24.151666666666667,86.17,42.87450179838631,0.3362859000688706,86.17,42.87450179838631,0.3362859000688706,46.32,13.83,26.020000000000003
1728,elbe-river_bunthaus_v0.3,2023-08-25,2023-08-25 12:00:00,53.461787,10.064451,33.488386426984306,13.573248665331995,22.698519839773475,23.941666666666663,69.76015493208978,41.2559541168465,0.352188450298715,69.76015493208978,41.2559541168465,0.352188450298715,33.488386426984306,13.573248665331995,22.698519839773475
1729,elbe-river_bunthaus_v0.3,2023-08-26,2023-08-26 12:00:00,53.461787,10.064451,15.38,9.92,11.04,23.655,36.34,30.23962282492466,0.4076912383998324,36.34,30.23962282492466,0.4076912383998324,15.38,9.92,11.04
1730,elbe-river_bunthaus_v0.3,2023-08-27,2023-08-27 12:00:00,53.461787,10.064451,13.95,8.9,9.990000000000004,23.295,32.84,16.404199475065617,0.4800919061768653,32.84,16.404199475065617,0.4800919061768653,13.95,8.9,9.990000000000004
1731,elbe-river_bunthaus_v0.3,2023-08-28,2023-08-28 12:00:00,53.461787,10.064451,24.92,11.13,16.479999999999997,22.611666666666665,52.53,36.08437834159618,0.4158877800471801,52.53,36.08437834159618,0.4158877800471801,24.92,11.13,16.479999999999997
1732,elbe-river_bunthaus_v0.3,2023-08-29,2023-08-29 12:00:00,53.461787,10.064451,48.49,15.52,21.610000000000003,21.766666666666666,85.62,41.40419947506562,0.3937811584155592,85.62,41.40419947506562,0.3937811584155592,48.49,15.52,21.610000000000003
1733,elbe-river_bunthaus_v0.3,2023-08-30,2023-08-30 12:00:00,53.461787,10.064451,87.52719378764895,18.15643790849673,24.78225014560959,21.098333333333333,130.46588184175528,36.02362204724409,0.3836308038599181,130.46588184175528,36.02362204724409,0.3836308038599181,87.52719378764895,18.15643790849673,24.78225014560959
1734,elbe-river_bunthaus_v0.3,2023-08-31,2023-08-31 12:00:00,53.461787,10.064451,101.59,18.51,29.189999999999987,20.41,149.29,40.582774375425295,0.3577767235663701,149.29,40.582774375425295,0.3577767235663701,101.59,18.51,29.189999999999987
1735,elbe-river_bunthaus_v0.3,2023-09-01,2023-09-01 12:00:00,53.461787,10.064451,116.26,19.39,30.16,19.82,165.81,37.64946048410616,0.3721657590094965,165.81,37.64946048410616,0.3721657590094965,116.26,19.39,30.16
1736,elbe-river_bunthaus_v0.3,2023-09-02,2023-09-02 12:00:00,53.461787,10.064451,121.83,18.4,35.309999999999995,19.64333333333333,175.54,43.73481092641197,0.3376699354132506,175.54,43.73481092641197,0.3376699354132506,121.83,18.4,35.309999999999995
1737,elbe-river_bunthaus_v0.3,2023-09-03,2023-09-03 12:00:00,53.461787,10.064451,123.72,18.46,42.26999999999999,19.481666666666666,184.45,40.11373578302712,0.3477853117273522,184.45,40.11373578302712,0.3477853117273522,123.72,18.46,42.26999999999999
1738,elbe-river_bunthaus_v0.3,2023-09-04,2023-09-04 12:00:00,53.461787,10.064451,112.51044593860544,16.470395532452553,47.08413716980289,19.546666666666667,176.0649786408609,35.73442208612811,0.4126023939334706,176.0649786408609,35.73442208612811,0.4126023939334706,112.51044593860544,16.470395532452553,47.08413716980289
1739,elbe-river_bunthaus_v0.3,2023-09-05,2023-09-05 12:00:00,53.461787,10.064451,107.215,16.06,51.23499999999999,19.864,174.51,33.39457567804024,0.4007867724235888,174.51,33.39457567804024,0.4007867724235888,107.215,16.06,51.23499999999999
1740,elbe-river_bunthaus_v0.3,2023-09-06,2023-09-06 12:00:00,53.461787,10.064451,107.71,17.13,56.73,20.53333333333333,181.57,34.650529794886744,0.3796482286897734,181.57,34.650529794886744,0.3796482286897734,107.71,17.13,56.73
1741,elbe-river_bunthaus_v0.3,2023-09-07,2023-09-07 12:00:00,53.461787,10.064451,93.0527527486542,16.454573244552055,51.7071402997218,21.236666666666665,161.21446629292805,39.21940313016428,0.3615233565796337,161.21446629292805,39.21940313016428,0.3615233565796337,93.0527527486542,16.454573244552055,51.7071402997218
1742,elbe-river_bunthaus_v0.3,2023-09-08,2023-09-08 12:00:00,53.461787,10.064451,82.69,16.51,47.2,21.771666666666665,146.4,37.33838825702343,0.369918123266128,146.4,37.33838825702343,0.369918123266128,82.69,16.51,47.2
1743,elbe-river_bunthaus_v0.3,2023-09-09,2023-09-09 12:00:00,53.461787,10.064451,61.08,14.65,40.71,22.42,116.44,26.727909011373576,0.4299883667511596,116.44,26.727909011373576,0.4299883667511596,61.08,14.65,40.71
1744,elbe-river_bunthaus_v0.3,2023-09-10,2023-09-10 12:00:00,53.461787,10.064451,56.5,14.77,39.49000000000001,22.465,110.76,35.25323223485952,0.3954811958751292,110.76,35.25323223485952,0.3954811958751292,56.5,14.77,39.49000000000001
1745,elbe-river_bunthaus_v0.3,2023-12-21,2023-12-21 12:00:00,53.461787,10.064451,1.0895610783184568,0.6932019704433497,2.9614911164735074,6.07,4.744254165235314,18.28278409643239,0.8429676296484334,4.744254165235314,18.28278409643239,0.8429676296484334,1.0895610783184568,0.6932019704433497,2.9614911164735074
1746,elbe-river_bunthaus_v0.3,2023-12-22,2023-12-22 12:00:00,53.461787,10.064451,1.38,1.1,2.44,5.783333333333334,4.92,22.01079031787693,0.9050567029817412,4.92,22.01079031787693,0.9050567029817412,1.38,1.1,2.44
1747,elbe-river_bunthaus_v0.3,2023-12-23,2023-12-23 12:00:00,53.461787,10.064451,1.68,0.79,1.6100000000000003,4.99,4.08,17.01905317390882,0.9151021214516226,4.08,17.01905317390882,0.9151021214516226,1.68,0.79,1.6100000000000003
1748,elbe-river_bunthaus_v0.3,2023-12-24,2023-12-24 12:00:00,53.461787,10.064451,1.08,0.9,2.7,4.848333333333334,4.68,19.00942937688345,0.9528096068353612,4.68,19.00942937688345,0.9528096068353612,1.08,0.9,2.7
1749,elbe-river_bunthaus_v0.3,2023-12-25,2023-12-25 12:00:00,53.461787,10.064451,1.5,0.79,1.5699999999999998,5.385000000000001,3.86,21.682706328375616,0.9791659754704964,3.86,21.682706328375616,0.9791659754704964,1.5,0.79,1.5699999999999998
1750,elbe-river_bunthaus_v0.3,2023-12-27,2023-12-27 12:00:00,53.461787,10.064451,1.5089684111590498,0.8158253858899873,1.7443404869602634,5.71,4.0691342840093006,26.337853601633125,0.9601725498435252,4.0691342840093006,26.337853601633125,0.9601725498435252,1.5089684111590498,0.8158253858899873,1.7443404869602634
1751,elbe-river_bunthaus_v0.3,2023-12-28,2023-12-28 12:00:00,53.461787,10.064451,2.63,1.25,1.7999999999999998,5.991666666666667,5.68,31.71964615534168,0.9283643131259348,5.68,31.71964615534168,0.9283643131259348,2.63,1.25,1.7999999999999998
1752,elbe-river_bunthaus_v0.3,2023-12-29,2023-12-29 12:00:00,53.461787,10.064451,0.85,1.07,1.72,6.245,3.64,37.30193448041216,0.8930442827931312,3.64,37.30193448041216,0.8930442827931312,0.85,1.07,1.72
1753,elbe-river_bunthaus_v0.3,2023-12-31,2023-12-31 12:00:00,53.461787,10.064451,3.51,1.94,1.48,6.080000000000001,6.93,46.94274326820258,0.9043711246482612,6.93,46.94274326820258,0.9043711246482612,3.51,1.94,1.48
